"ticket_id","tenant_id","category","subject","description","status","priority"
"ACME-001","acme_corp","Software Access","Need GitHub Enterprise access","Just joined the backend team and need access to GitHub Enterprise organization. Manager is Sarah Chen. Need read/write access to api-services and data-pipeline repos.","Open","High"
"ACME-002","acme_corp","DevOps","Jenkins pipeline failing on deployment","Production deployment pipeline failing at the Docker build stage. Error message shows 'unable to resolve base image node:18-alpine'. Blocking critical hotfix release.","Open","Critical"
"ACME-003","acme_corp","Cloud Access","Request AWS S3 bucket permissions","Need read access to s3://acme-analytics-prod bucket for Q1 reporting. Have existing AWS console access but getting Access Denied when trying to list objects.","Open","Medium"
"ACME-004","acme_corp","Network","VPN disconnects every 30 minutes","Corporate VPN connection drops every 30 minutes when working from home. Have to re-authenticate each time. Using Cisco AnyConnect client on Windows 11.","Open","High"
"ACME-005","acme_corp","Security","SSL certificate expiring soon","Received alert that ssl cert for api.acme-internal.com expires in 5 days. Need urgent renewal to avoid service disruption. Certificate is used by 12 microservices.","Open","Critical"
"ACME-006","acme_corp","Database","PostgreSQL readonly access needed","Need readonly access to production postgres database for analytics queries. Currently have staging access but need prod for month-end reporting. Database name is acme_customers_prod.","Open","Medium"
"ACME-007","acme_corp","Development Tools","IntelliJ IDEA license activation failed","Trying to activate IntelliJ IDEA Ultimate license but getting 'License server not responding' error. License key was provided in welcome email. Cannot work without IDE.","Open","High"
"ACME-008","acme_corp","Software Access","Jira admin access for new project","Setting up new project 'Mobile App Redesign' and need Jira admin permissions to configure workflows and create custom fields. Currently have contributor role only.","Open","Low"
"ACME-009","acme_corp","DevOps","Kubernetes pods restarting frequently","Noticed our recommendation-service pods in k8s cluster restarting every 2-3 hours. Logs show OutOfMemory errors. Need help investigating memory leak or increasing resource limits.","Open","High"
"ACME-010","acme_corp","Cloud Access","Azure DevOps pipeline permissions","Cannot trigger manual pipeline runs in Azure DevOps. Getting permission denied error. Need contributor access to acme-frontend project pipelines for deployment tasks.","Open","Medium"
"ACME-011","acme_corp","Security","MFA not receiving codes","Trying to login but not receiving MFA codes via SMS. Authenticator app also not working. Tried removing and re-adding but same issue. Blocking access to all systems.","Open","Critical"
"ACME-012","acme_corp","Network","Cannot access internal wiki","Getting timeout error when trying to access wiki.acme-internal.com from office network. External sites work fine. Other team members can access it without issues.","Open","Medium"
"ACME-013","acme_corp","Hardware","New MacBook Pro setup request","Starting next Monday as Senior Engineer and need MacBook Pro 16-inch with 32GB RAM for development work. Also need external monitor and mechanical keyboard.","Open","Medium"
"ACME-014","acme_corp","Software Access","Confluence space creation access","Need permissions to create new Confluence space for Engineering Documentation. Currently can only edit existing pages. Team lead approved new space for API documentation.","Open","Low"
"ACME-015","acme_corp","Database","MongoDB connection pool exhausted","Production MongoDB showing 'connection pool exhausted' errors during peak hours. Application logs showing 500 errors for user queries. Started happening after yesterday's deployment.","Resolved","Critical"
"INIT-001","initech","Software Access","GitHub Actions minutes exhausted","Our GitHub Actions workflow quota exceeded. Cannot run CI/CD pipelines. Need quota increase or move to self-hosted runners. Blocking all PRs from merging.","Open","Critical"
"INIT-002","initech","DevOps","Docker registry authentication failure","Cannot pull images from our private Docker registry at registry.initech.io. Getting 'unauthorized: authentication required' error even with correct credentials. All builds blocked.","Open","Critical"
"INIT-003","initech","Network","VPN gateway not responding","Corporate VPN gateway not responding since this morning. Multiple engineers cannot connect remotely. Error shows 'connection timeout to vpn.initech.com'. Urgent as 60% team is remote.","Open","Critical"
"INIT-004","initech","Cloud Access","GCP Cloud Storage access denied","Need access to gs://initech-backups bucket to restore accidentally deleted config files. Have GCP console access but getting 403 Forbidden on bucket. Need this ASAP.","Open","High"
"INIT-005","initech","Security","Expired security certificate for API","Internal API gateway certificate expired overnight. All microservices returning SSL handshake errors. Production services degraded. Certificate was for *.api.initech.internal.","Open","Critical"
"INIT-006","initech","Development Tools","VS Code extensions not syncing","VS Code settings sync stopped working. Extensions and preferences not syncing across my work laptop and home desktop. Using company Microsoft account for sync.","Open","Low"
"INIT-007","initech","Software Access","Slack workspace admin access","Need admin access to Slack workspace to configure new integrations for GitHub notifications and PagerDuty alerts. Currently have member role. Team lead approved request.","Open","Medium"
"INIT-008","initech","DevOps","Terraform state locked indefinitely","Terraform state file for production infrastructure is locked. Cannot apply any infrastructure changes. Lock shows user who left company 2 weeks ago. Need manual unlock.","Open","High"
"INIT-009","initech","Database","Redis cluster failover issues","Production Redis cluster not failing over correctly. Primary node went down but replicas not promoting. Application experiencing cache misses and slow response times.","Open","Critical"
"INIT-010","initech","Cloud Access","AWS IAM role for Lambda function","Need IAM role created for new Lambda function with permissions to read from SQS queue and write to DynamoDB. Function name is order-processor-prod. Following least privilege principle.","Open","Medium"
"INIT-011","initech","Security","SSH key not working for servers","Generated new SSH key and added to authorized_keys but still getting permission denied when SSHing to prod-server-03. Old key stopped working after security rotation.","Open","High"
"INIT-012","initech","Network","DNS records not propagating","Updated DNS A record for app.initech.com 6 hours ago but still resolving to old IP. Need to point to new load balancer at 52.14.88.93. Checked Route53 and record looks correct.","Open","Medium"
"INIT-013","initech","Hardware","Standing desk not working","Electric standing desk stopped responding to controls. Stuck at sitting height. Need replacement control panel or new desk. Desk is in office building B floor 3.","Resolved","Low"
"INIT-014","initech","Software Access","Datadog monitoring access request","New SRE team member needs access to Datadog for monitoring dashboards and alerts. Need admin role to create new monitors and dashboards for infrastructure team.","Open","Medium"
"INIT-015","initech","Development Tools","npm registry connection timeout","Cannot install npm packages from our private registry at registry.initech.io. Getting ETIMEDOUT errors. Public npmjs.org works fine. Blocking local development setup.","Open","High"
"GLOB-001","globex_inc","Network","WiFi keeps dropping in conference room","Conference room 3B WiFi connectivity very unstable. Drops every 5-10 minutes during client meetings. Ethernet works fine. Need urgent fix as we have board meeting tomorrow.","Open","High"
"GLOB-002","globex_inc","Hardware","Monitor flickering with horizontal lines","Primary monitor showing horizontal flickering lines. Gets worse after 30 minutes of use. Tried different cables and ports. Monitor is Dell UltraSharp 27 inch purchased 2 years ago.","Open","Medium"
"GLOB-003","globex_inc","Software","Outlook crashes when opening attachments","Outlook 2021 crashes every time I try to open PDF attachments. Word and Excel attachments work fine. Tried reinstalling Office suite but issue persists. Need this for contract reviews.","Open","High"
"GLOB-004","globex_inc","Access","Salesforce permission set needed","Need Salesforce permission set for Opportunity Management to update deal stages. Currently can only view opportunities. Manager approved for Q4 planning cycle.","Open","Medium"
"GLOB-005","globex_inc","Database","SQL Server query timeout errors","Dashboard queries timing out after 30 seconds on SQL Server production database. Same queries worked fine last week. Database performance degraded. Affecting executive reporting.","Open","High"
"GLOB-006","globex_inc","Security","Phishing email received from CEO","Received suspicious email claiming to be from CEO asking for wire transfer. Email address looks legitimate but content is unusual. Flagging as potential phishing attack.","Open","Critical"
"GLOB-007","globex_inc","Cloud","AWS cost spike investigation","AWS bill jumped from $5000 to $12000 this month. Need help identifying which services are causing the spike. Checked EC2 instances but nothing obvious. Urgent cost analysis needed.","Open","Critical"
"GLOB-008","globex_inc","DevOps","GitLab CI runner out of disk space","GitLab CI/CD pipelines failing with disk space errors. Runners showing 0% free space. All merge requests blocked. Need cleanup or additional storage provisioned.","Open","Critical"
"GLOB-009","globex_inc","Hardware","Keyboard keys sticking","Laptop keyboard keys C V and B are sticking and require hard press. Makes typing very difficult. Laptop is ThinkPad X1 Carbon 6 months old. Need replacement keyboard or external.","Open","Low"
"GLOB-010","globex_inc","Software","Adobe Creative Cloud license error","Adobe Photoshop showing license validation error. Says license already in use on another machine but I only use work laptop. Blocking design work for marketing campaign.","Open","High"
"GLOB-011","globex_inc","Network","Slow file transfer to network drive","Copying files to \\fileserver\shared taking 10x longer than usual. 1GB file takes 30 minutes. Other network services work fine. Started yesterday afternoon.","Open","Medium"
"GLOB-012","globex_inc","Access","SAP user role modification","Need SAP user role updated to include purchasing approval workflow. Currently have read-only access to procurement module. Manager Sarah approved for vendor onboarding.","Open","Medium"
"GLOB-013","globex_inc","Security","Antivirus detected malware","Windows Defender detected Trojan:Win32/Wacatac on my laptop after clicking email link. Quarantined the file but concerned about data breach. Need full system scan and verification.","Open","Critical"
"GLOB-014","globex_inc","Database","Oracle database backup failed","Nightly Oracle database backup failed with ORA-1555 snapshot too old error. Database is prod-oracle-12c. Backup critical for compliance. Need immediate troubleshooting.","Open","Critical"
"GLOB-015","globex_inc","Facilities","Office temperature too cold","Office temperature in Zone C floor 4 is 62 degrees. Multiple employees complained. HVAC thermostat shows 72 but actual temp much lower. Very uncomfortable working conditions.","Open","Low"
"ACME-016","acme_corp","Software","Zoom audio not working","Zoom meetings audio not working. Microphone shows green bars but participants can't hear me. Tested with other apps and mic works fine. Critical for client presentations today.","Open","Critical"
"ACME-017","acme_corp","Network","VPN disconnects every 30 minutes","Remote VPN connection to corporate network drops exactly every 30 minutes. Have to reconnect manually. Using GlobalProtect VPN client version 5.2. Very disruptive to work.","Open","High"
"ACME-018","acme_corp","Hardware","Printer paper jam error","Office printer HP LaserJet Pro showing paper jam error but no paper stuck inside. Tried power cycling and checking all trays. Prevents entire floor from printing.","Open","Medium"
"ACME-019","acme_corp","Access","SharePoint folder access request","Need read/write access to SharePoint folder Sales/Forecasts/2026. Currently have no access. Manager John approved. Required for quarterly planning.","Open","Low"
"ACME-020","acme_corp","Database","MySQL slow query performance","MySQL queries taking 10-15 seconds that previously took under 1 second. Database is mysql-prod-customers. Affecting application response time. No recent schema changes.","Open","High"
"ACME-021","acme_corp","Security","Two-factor authentication not sending codes","Not receiving 2FA SMS codes for company portal login. Tried multiple times over 2 hours. Authenticator app also failing. Blocking access to payroll and benefits.","Open","Critical"
"ACME-022","acme_corp","Cloud","Azure VM won't start","Production Azure VM web-prod-01 showing stopped status and won't start. Error ""Allocation failed"" in activity log. Website down since 2am. Need immediate assistance.","Open","Critical"
"ACME-023","acme_corp","DevOps","CircleCI build queue stuck","CircleCI builds stuck in queue for over 2 hours. Dashboard shows all runners offline. Deployment to staging blocked. Need urgent investigation.","Open","Critical"
"ACME-024","acme_corp","Software","Microsoft Teams video freezing","Teams video calls freeze every 2-3 minutes. Audio continues but video freezes. Tested with multiple colleagues. Happens only in Teams not Zoom. Hurting remote collaboration.","Open","Medium"
"ACME-025","acme_corp","Network","Can't access intranet from home","Unable to access company intranet portal.acme.com from home network. Works fine in office. Getting connection timeout error. VPN is connected and working for other sites.","Open","Medium"
"INIT-016","initech","Hardware","Laptop not charging","Work laptop not charging when plugged in. Battery at 5% and draining. Tried different outlets and charger. Laptop is Dell XPS 15 purchased 8 months ago. Need replacement ASAP.","Open","Critical"
"INIT-017","initech","Software","Excel macros disabled","Excel macros suddenly disabled with security warning. Macro-enabled workbooks won't run automation. Checked Trust Center settings but macros still blocked. Needed for financial reports.","Open","High"
"INIT-018","initech","Access","Active Directory group membership","Need to be added to AD group ""Engineering-Admins"" for server management access. Manager Tim approved. Required for on-call rotation starting next week.","Open","Medium"
"INIT-019","initech","Network","Ethernet port not working","Office desk ethernet port not providing network connectivity. Tested with multiple cables and laptop. WiFi works but need wired connection for stable video calls.","Open","Low"
"INIT-020","initech","Database","PostgreSQL connection limit reached","Application showing ""too many connections"" error when connecting to PostgreSQL. Database connection limit is 100 but shows 150 active. Need connection limit increase or investigation.","Open","High"
"INIT-021","initech","Security","Password complexity policy issue","New password policy requires 16 characters but some systems only accept 12. Getting locked out of legacy systems. Need policy clarification or exception.","Open","Medium"
"INIT-022","initech","Cloud","Google Cloud billing alert","Received Google Cloud billing alert for project exceeding $2000 budget. Last month was $800. Need cost breakdown and recommendations to reduce spend.","Open","High"
"INIT-023","initech","DevOps","Jenkins build failing with permission error","Jenkins job fails at git checkout step with permission denied error. SSH key is configured correctly. Same job worked yesterday. Blocking release deployment.","Open","Critical"
"INIT-024","initech","Software","Slack notifications not working","Not receiving Slack notifications on desktop or mobile. Tried logging out and back in. Notification settings are correct. Missing important team updates.","Open","Low"
"INIT-025","initech","Facilities","Meeting room projector not working","Conference room A projector won't display laptop screen. HDMI cable connected but shows ""No Signal"". Tried multiple laptops. Important client demo in 1 hour.","Open","Critical"
"GLOB-016","globex_inc","Hardware","Mouse double-clicking issue","Wireless mouse registers double clicks on single click. Makes it very difficult to select files and click buttons. Mouse is Logitech MX Master 3 purchased 6 months ago.","Open","Low"
"GLOB-017","globex_inc","Software","Chrome browser crashing frequently","Google Chrome crashes 5-6 times per day. Happens when opening new tabs or switching tabs. Tried clearing cache and reinstalling. Using Chrome version 120.","Open","Medium"
"GLOB-018","globex_inc","Access","Tableau dashboard viewer access","Need view access to Tableau dashboard ""Sales Performance Q4"". Currently getting access denied error. Required for weekly team standup presentations.","Open","Low"
"GLOB-019","globex_inc","Network","Slow VPN speeds","VPN connection very slow. Download speeds around 1 Mbps when normally 50 Mbps. Affecting file downloads and cloud application performance. Started 3 days ago.","Open","Medium"
"GLOB-020","globex_inc","Database","MongoDB replica set synchronization lag","MongoDB replica set showing synchronization lag of 2 hours. Secondary nodes not keeping up with primary. Affecting read query performance on reporting database.","Open","High"
"GLOB-021","globex_inc","Security","Suspicious login attempt notification","Received notification of failed login attempt from unknown IP address in Russia. Password still works but concerned account may be compromised. Need security review.","Open","High"
"GLOB-022","globex_inc","Cloud","AWS S3 bucket access policy error","Cannot upload files to S3 bucket company-backups. Getting Access Denied error despite having IAM permissions. Worked until yesterday. Blocking automated backup jobs.","Open","High"
"GLOB-023","globex_inc","DevOps","Kubernetes pod crash loop","Application pod in k8s cluster stuck in CrashLoopBackOff status. Logs show ""Error: ECONNREFUSED"" on database connection. Started after last deployment 2 hours ago.","Open","Critical"
"GLOB-024","globex_inc","Software","PowerPoint presentation corrupted","Important PowerPoint file won't open. Shows ""PowerPoint found a problem with content"" error. File was working yesterday. Contains critical board presentation for tomorrow.","Open","Critical"
"GLOB-025","globex_inc","Facilities","Parking access card not working","Employee parking access card not opening gate. Tried multiple times at different readers. Card was working last Friday. Need reactivation or replacement card.","Open","Low"
"ACME-026","acme_corp","Hardware","Docking station not detecting monitors","Laptop docking station not detecting external monitors. Laptop screen works fine. Tried restarting and reconnecting cables. Docking station is Dell WD19TB purchased this year.","Open","Medium"
"ACME-027","acme_corp","Software","Antivirus slowing down computer","McAfee antivirus causing extreme slowness. Laptop takes 10 minutes to boot and programs freeze frequently. Scan shows no threats. Need performance optimization or alternative solution.","Open","Medium"
"ACME-028","acme_corp","Access","QuickBooks admin access needed","Need QuickBooks Online administrator access to process vendor payments. Currently have standard user access. Finance manager approved for invoice processing duties.","Open","Medium"
"ACME-029","acme_corp","Network","Cannot access company website","Cannot load company website www.acme.com from any device or network. Getting DNS resolution error. Other websites work fine. Concerned this affects customers too.","Open","Critical"
"ACME-030","acme_corp","Database","DynamoDB throttling errors","Application experiencing heavy DynamoDB throttling on orders table. Read and write capacity exceeded. Affecting order processing during peak hours. Need capacity increase.","Open","Critical"
"INIT-026","initech","Security","Ransomware warning email","Received warning from IT security about new ransomware campaign targeting emails with ZIP attachments. Need confirmation if email I received about invoice is legitimate or threat.","Open","High"
"INIT-027","initech","Cloud","Azure MFA authentication failing","Azure Multi-Factor Authentication failing with error code 50074. Cannot access Azure portal or resources. Tried resetting MFA device but same error. Blocking all Azure administration.","Open","Critical"
"INIT-028","initech","DevOps","Docker container out of memory","Docker container app-worker consuming all available memory and crashing. Container specified 2GB limit but reaching it within minutes. Need memory investigation or limit increase.","Open","High"
"INIT-029","initech","Software","Java application OutOfMemory error","Java application throwing java.lang.OutOfMemoryError heap space. Heap size set to 4GB. Application was stable until recent update. Need heap dump analysis.","Open","High"
"INIT-030","initech","Facilities","Office light flickering","Fluorescent lights in office sector D row 5 flickering constantly. Causing eye strain and headaches. Been ongoing for 3 days. Need electrical maintenance.","Open","Low"
"GLOB-026","globex_inc","Hardware","Webcam not working","Built-in laptop webcam showing black screen in all applications. Camera privacy light is on but no image. External webcam works fine. Need diagnostics or replacement.","Open","Medium"
"GLOB-027","globex_inc","Software","PDF files won't open","Adobe Acrobat Reader crashing when opening PDF files. Error ""Adobe Acrobat Reader has stopped working"". Tried repair install. Critical as all contracts are in PDF format.","Open","High"
"GLOB-028","globex_inc","Access","Workday HR system access","New manager needs access to Workday HR system for team timesheet approvals. Currently cannot access employee records or approve leave requests. HR approved access.","Open","Medium"
"GLOB-029","globex_inc","Network","IP address conflict error","Desktop computer showing IP address conflict error on boot. Network connectivity intermittent. Getting DHCP assignment failures. Affecting daily work productivity.","Open","Medium"
"GLOB-030","globex_inc","Database","Elasticsearch cluster yellow status","Elasticsearch cluster showing yellow health status. Several indices have unassigned shards. Search performance degraded. Cluster was healthy until last week.","Open","High"
"ACME-031","acme_corp","Security","Data leak prevention alert","DLP system flagged outgoing email with potential sensitive data. Email quarantined. Need review and approval to release legitimate business proposal to client.","Open","High"
"ACME-032","acme_corp","Cloud","Lambda function timeout","AWS Lambda function order-processor timing out after 30 seconds. Function needs longer execution time for large batch processing. Causing orders to fail.","Open","High"
"ACME-033","acme_corp","DevOps","Nginx reverse proxy 502 errors","Nginx reverse proxy returning 502 Bad Gateway errors intermittently. Backend application servers appear healthy. Affecting 10% of user requests. Started this morning.","Open","Critical"
"ACME-034","acme_corp","Software","AutoCAD license checkout failed","AutoCAD unable to checkout network license. License server shows available licenses but client can't connect. Blocking engineering design work.","Open","Critical"
"ACME-035","acme_corp","Hardware","USB ports not working","Front USB ports on desktop computer stopped working. Devices not recognized. Back ports work fine. Need diagnostic or potentially new desktop.","Open","Low"
"INIT-031","initech","Access","BitBucket repository access","Need access to BitBucket repository platform-services for code review duties. Currently getting 403 forbidden error. Tech lead John approved access request.","Open","Medium"
"INIT-033","initech","Database","Cassandra node down","One Cassandra node in 3-node cluster is down. Cluster still functioning but redundancy compromised. Need node investigation and recovery. Database is user-sessions cluster.","Open","High"
"INIT-034","initech","Security","Expired SSL certificate warning","Browser showing security warning for internal dashboard https://metrics.initech.internal. SSL certificate expired 2 days ago. Need certificate renewal.","Open","High"
"INIT-035","initech","Software","Python pip install failing","Cannot install Python packages using pip. Getting SSL certificate verification error. Tried upgrading pip and certificates module. Blocking data science workflow.","Open","High"
"GLOB-031","globex_inc","Facilities","Water cooler empty","Water cooler on floor 3 east wing empty since yesterday. Dispenser button not working. Need refill and maintenance check. High usage area with 50+ employees.","Open","Low"
"GLOB-032","globex_inc","Cloud","GCP service account permissions","Need GCP service account created for Cloud Functions with Cloud Storage write permissions. Service account for automated report generation to cloud storage bucket.","Open","Medium"
"GLOB-033","globex_inc","DevOps","Ansible playbook failing","Ansible deployment playbook failing with SSH connection timeout to production servers. Playbook worked last week. No changes to inventory or SSH keys. Blocking deployment.","Open","High"
"GLOB-034","globex_inc","Software","Visual Studio Code won't start","VS Code won't launch after latest update. Shows splash screen then closes. Error in event log: Application Error. Reinstall didn't help. Need VS Code for development.","Open","High"
"GLOB-035","globex_inc","Hardware","Headset microphone not working","Plantronics headset microphone not picking up audio. Tested on multiple applications. Speakers work fine. Headset is 3 months old. Need replacement or troubleshooting.","Open","Medium"
"ACME-036","acme_corp","Access","Zendesk agent account needed","New customer support team member needs Zendesk agent account to handle support tickets. Manager Lisa approved. Start date is next Monday need account ready.","Open","Medium"
"ACME-037","acme_corp","Network","Packet loss on video calls","Experiencing 10-15% packet loss during video calls. Video quality poor and audio cutting out. Happens only on corporate network not home WiFi. Affecting remote collaboration.","Open","High"
"ACME-038","acme_corp","Database","Redis memory usage high","Redis instance showing 95% memory usage. No eviction policy configured. Concerned about hitting max memory limit. Need capacity planning or eviction policy configuration.","Open","Medium"
"ACME-039","acme_corp","Security","Audit log access request","Compliance team needs read access to security audit logs for SOC2 certification. Need access to CloudTrail and application security logs. Auditor requested by end of week.","Open","Medium"
"ACME-040","acme_corp","Cloud","EC2 instance keeps stopping","Production EC2 instance web-app-prod-02 stops unexpectedly every 2-3 days. No scheduled shutdowns configured. Need investigation of stop reason and prevention.","Open","High"
"INIT-036","initech","DevOps","Grafana dashboard not loading","Grafana dashboards showing ""Query timeout"" errors. Prometheus datasource appears healthy. Dashboards worked yesterday. Blocking production monitoring visibility.","Open","Critical"
"INIT-037","initech","Software","Git push rejected","Cannot push commits to main branch. Getting ""pre-receive hook declined"" error. Branch protection rules may be misconfigured. Blocking code deployment.","Open","High"
"INIT-038","initech","Hardware","Server rack cooling fan noise","Server rack cooling fan making loud grinding noise. Temperature readings normal but concerned about fan failure. Located in data center room B rack 7.","Open","Medium"
"INIT-039","initech","Access","Jenkins pipeline admin rights","Need Jenkins administrator rights to configure new build pipelines for microservices deployment. Currently have read-only access. DevOps manager approved.","Open","Medium"
"INIT-040","initech","Facilities","Office door lock malfunction","Office door lock intermittently not recognizing key card. Takes 5-6 swipes to unlock. Affecting building security and employee access. Door is main entrance floor 2.","Open","Medium"
"GLOB-036","globex_inc","Network","WiFi authentication loop","Laptop stuck in WiFi authentication loop. Enters password correctly but keeps prompting again. Tried forgetting network and reconnecting. Other devices connect fine to same network.","Open","Medium"
"GLOB-037","globex_inc","Database","MariaDB replication lag","MariaDB master-slave replication showing 30 minute lag. Slave server not keeping up with master writes. Affecting reporting queries on slave database.","Open","High"
"GLOB-038","globex_inc","Security","Security group misconfiguration","AWS security group accidentally modified allowing public access to production database. Need immediate lockdown and audit of who made change. Potential security incident.","Open","Critical"
"GLOB-039","globex_inc","Cloud","CloudFront cache not working","CloudFront CDN not caching static assets. Origin is being hit for every request. High origin load and slow page loads. Cache-Control headers configured correctly.","Open","High"
"GLOB-040","globex_inc","Software","Postman unable to send requests","Postman showing ""Error: socket hang up"" on all API requests. Same requests work in curl. Tried reinstalling Postman. Blocking API development and testing.","Open","Medium"
"ACME-041","acme_corp","DevOps","Deployment pipeline missing environment variables","Production deployment missing required environment variables after infrastructure update. Application failing to start with config errors. Need env vars restored urgently.","Open","Critical"
"ACME-042","acme_corp","Hardware","External hard drive not recognized","External backup hard drive not recognized by Windows. Tried different USB ports and cable. Drive shows power light but doesn't appear in File Explorer. Contains important backups.","Open","High"
"ACME-043","acme_corp","Software","Browser extensions disabled by policy","Chrome extensions suddenly disabled by company policy. Productivity tools like LastPass and Grammarly not working. Need clarification if intentional or policy error.","Open","Low"
"ACME-044","acme_corp","Access","Stripe API key rotation needed","Need production Stripe API keys rotated as previous developer who knew them left company. Security best practice to rotate keys. Payment processing currently using old keys.","Open","High"
"INIT-041","initech","Database","SQL deadlock errors","SQL Server reporting frequent deadlock errors on orders table. Multiple transactions competing for same records. Affecting order processing throughput. Need query optimization.","Open","High"
"INIT-042","initech","Security","API rate limit exceeded","Application API key hitting rate limit of 1000 requests/hour. Genuine traffic increased beyond limit. Need rate limit increase or additional API key for load distribution.","Open","Medium"
"INIT-043","initech","Cloud","S3 bucket lifecycle policy not working","S3 bucket lifecycle policy supposed to delete objects after 30 days not executing. Bucket size growing unexpectedly. Policy configuration looks correct but not triggering.","Open","Medium"
"INIT-044","initech","Software","Node.js version conflict","Application requires Node.js 16 but system has Node.js 14 installed. Cannot upgrade globally due to other app dependencies. Need Node version manager or containerized solution.","Open","Medium"
"INIT-045","initech","Facilities","Coffee machine broken","Office coffee machine displaying error code E04 and won't brew. Tried basic troubleshooting from manual. High traffic area affects team morale. Need repair or replacement.","Open","Low"
"GLOB-041","globex_inc","DevOps","Load balancer health checks failing","Application load balancer marking all healthy instances as unhealthy. Health check endpoint returns 200 OK but still fails. Traffic not routing causing application downtime.","Open","Critical"
"GLOB-042","globex_inc","Hardware","Laptop battery draining fast","Laptop battery drains from 100% to 0% in 90 minutes. Battery health shows 45% capacity remaining. Laptop is 2 years old HP EliteBook. Need battery replacement.","Open","Low"
"GLOB-043","globex_inc","Software","MATLAB license server unreachable","MATLAB unable to connect to license server. Getting ""Cannot connect to license server"" error. Other network services work fine. Blocking engineering simulations.","Open","High"
"GLOB-044","globex_inc","Access","Snowflake data warehouse access","Data analyst needs read access to Snowflake data warehouse PROD_ANALYTICS database. Currently no Snowflake access. Manager approved for reporting dashboard development.","Open","Medium"
"GLOB-045","globex_inc","Network","BGP routing issue","BGP routing between data centers showing route flapping. Intermittent connectivity between sites. Network monitoring shows packet loss spikes. Affecting distributed applications.","Open","Critical"
"ACME-046","acme_corp","Security","GDPR data deletion request","Customer submitted GDPR right to deletion request. Need process to remove all customer data from production databases and backups. Legal compliance required within 30 days.","Open","High"
"ACME-047","acme_corp","Database","Database migration validation needed","Database schema migration completed successfully but need validation that all data migrated correctly. Migration involved 500 million records. Need checksum verification.","Open","Medium"
"ACME-048","acme_corp","Cloud","CloudWatch logs not shipping","Application logs not appearing in CloudWatch Logs for past 6 hours. Application runs normally but logs missing. CloudWatch agent appears running. Need log visibility restored.","Open","High"
"ACME-049","acme_corp","Software","Printer driver installation failed","Cannot install network printer driver. Windows shows ""Driver installation failed"" error code 0x80070bc9. Tried as administrator. Need printer for contracts and invoices.","Open","Medium"
"ACME-050","acme_corp","DevOps","GitHub webhook not triggering builds","GitHub webhook configured but not triggering Jenkins builds on push events. Manual builds work fine. Webhook delivery history shows 200 OK responses. CI/CD broken.","Open","High"
